date,parent_colony_a,parent_colony_b,cross_n,scint,leach_code,leachate,phase,hpf,fix_freeze,destiny,sample_id,cryo-tag label color,scint,cryo,cryo-degraded,micro,micro-degraded,cross-note,extracted?,extraction-date,extraction-note,microscopy-stitched,microscopy-note,annotated?
7/5/2024,H,M,1,5,C,control,cleavage,4,F,freeze,1C4F,yellow green,fin!,filled with sample,,filled with sample,,,TRUE,14-Aug-2024,,,,
7/5/2024,H,M,1,6,L,low,cleavage,4,F,freeze,1L4F,yellow green,fin!,filled with sample,,filled with sample,,,TRUE,16-Aug-2024,,,,
7/5/2024,H,M,1,7,M,mid,cleavage,4,F,freeze,1M4F,yellow green,fin!,filled with sample,,filled with sample,,,TRUE,14-Aug-2024,,,,
7/5/2024,H,M,1,8,H,high,cleavage,4,F,freeze,1H4F,yellow green,fin!,filled with sample,,filled with sample,,,TRUE,19-Aug-2024,,,,
7/5/2024,H,M,1,13,C,control,prawn,9,F,freeze,1C9F,dark purple,fin!,filled with sample,,filled with sample,,,TRUE,13-Aug-2024,,,,
7/5/2024,H,M,1,14,L,low,prawn,9,F,freeze,1L9F,dark purple,fin!,filled with sample,,filled with sample,,,TRUE,13-Aug-2024,,,,
7/5/2024,H,M,1,15,M,mid,prawn,9,F,freeze,1M9F,dark purple,fin!,filled with sample,,filled with sample,,,TRUE,13-Aug-2024,,,,
7/5/2024,H,M,1,16,H,high,prawn,9,F,freeze,1H9F,dark purple,fin!,filled with sample,,filled with sample,,,TRUE,20-Aug-2024,,,,
7/5/2024,H,M,1,21,C,control,gastrula,14,F,freeze,1C14F,lime green ,fin!,filled with sample,,filled with sample,,,TRUE,21-Aug-2024,,,,
7/5/2024,H,M,1,22,L,low,gastrula,14,F,freeze,1L14F,lime green ,fin!,filled with sample,,filled with sample,,,TRUE,14-Aug-2024,,,,
7/5/2024,H,M,1,23,M,mid,gastrula,14,F,freeze,1M14F,lime green ,fin!,filled with sample,,filled with sample,,,TRUE,26-Aug-2024,,,,
7/5/2024,H,M,1,24,H,high,gastrula,14,F,freeze,1H14F,lime green ,fin!,filled with sample,,filled with sample,,,TRUE,14-Aug-2024,,,,
7/5/2024,30-Orange,1-White,2,29,C,control,cleavage,4,F,freeze,2C4F,yellow green,fin!,filled with sample,,filled with sample,,poor viability,TRUE,14-Aug-2024,,,,
7/5/2024,30-Orange,1-White,2,30,L,low,cleavage,4,F,freeze,2L4F,yellow green,fin!,filled with sample,,filled with sample,,poor viability,TRUE,16-Aug-2024,,,,
7/5/2024,30-Orange,1-White,2,31,M,mid,cleavage,4,F,freeze,2M4F,yellow green,fin!,filled with sample,,filled with sample,,poor viability,TRUE,14-Aug-2024,,,,
7/5/2024,30-Orange,1-White,2,32,H,high,cleavage,4,F,freeze,2H4F,yellow green,fin!,filled with sample,,filled with sample,,poor viability,TRUE,19-Aug-2024,,,,
7/5/2024,30-Orange,1-White,2,37,C,control,prawn,9,F,freeze,2C9F,dark purple,fin!,filled with sample,,filled with sample,,poor viability,TRUE,13-Aug-2024,,,,
7/5/2024,30-Orange,1-White,2,38,L,low,prawn,9,F,freeze,2L9F,dark purple,fin!,filled with sample,,filled with sample,,poor viability,TRUE,13-Aug-2024,,,,
7/5/2024,30-Orange,1-White,2,39,M,mid,prawn,9,F,freeze,2M9F,dark purple,fin!,filled with sample,,filled with sample,,poor viability,TRUE,13-Aug-2024,,,,
7/5/2024,30-Orange,1-White,2,40,H,high,prawn,9,F,freeze,2H9F,dark purple,fin!,filled with sample,,filled with sample,,poor viability,TRUE,20-Aug-2024,,,,
7/5/2024,30-Orange,1-White,2,45,C,control,gastrula,14,F,freeze,2C14F,lime green ,fin!,filled with sample,,filled with sample,,poor viability,TRUE,21-Aug-2024,,,,
7/5/2024,30-Orange,1-White,2,46,L,low,gastrula,14,F,freeze,2L14F,lime green ,fin!,filled with sample,,filled with sample,,poor viability,TRUE,14-Aug-2024,,,,
7/5/2024,30-Orange,1-White,2,47,M,mid,gastrula,14,F,freeze,2M14F,lime green ,fin!,filled with sample,,filled with sample,,poor viability,FALSE,NA,no sample,,,
7/5/2024,30-Orange,1-White,2,48,H,high,gastrula,14,F,freeze,2H14F,lime green ,fin!,filled with sample,,filled with sample,,poor viability,TRUE,14-Aug-2024,,,,
7/5/2024,D,N,3,53,C,control,cleavage,4,F,freeze,3C4F,yellow green,fin!,filled with sample,,filled with sample,,D bundles pale,TRUE,14-Aug-2024,,,,
7/5/2024,D,N,3,54,L,low,cleavage,4,F,freeze,3L4F,yellow green,fin!,filled with sample,,filled with sample,,D bundles pale,TRUE,16-Aug-2024,,,,
7/5/2024,D,N,3,55,M,mid,cleavage,4,F,freeze,3M4F,yellow green,fin!,filled with sample,,filled with sample,,D bundles pale,TRUE,14-Aug-2024,,,,
7/5/2024,D,N,3,56,H,high,cleavage,4,F,freeze,3H4F,yellow green,fin!,filled with sample,,filled with sample,,D bundles pale,TRUE,19-Aug-2024,,,,
7/5/2024,M,N,3,61,C,control,prawn,9,F,freeze,3C9F,dark purple,fin!,filled with sample,,filled with sample,,,TRUE,13-Aug-2024,,,,
7/5/2024,M,N,3,62,L,low,prawn,9,F,freeze,3L9F,dark purple,fin!,filled with sample,,filled with sample,,,TRUE,13-Aug-2024,,,,
7/5/2024,D,N,3,63,M,mid,prawn,9,F,freeze,3M9F,dark purple,fin!,filled with sample,,filled with sample,,D bundles pale,TRUE,13-Aug-2024,,,,
7/5/2024,D,N,3,64,H,high,prawn,9,F,freeze,3H9F,dark purple,fin!,filled with sample,,filled with sample,,D bundles pale,TRUE,20-Aug-2024,,,,
7/5/2024,D,N,3,69,C,control,gastrula,14,F,freeze,3C14F,lime green ,fin!,filled with sample,,filled with sample,,D bundles pale,TRUE,21-Aug-2024,,,,
7/5/2024,D,N,3,70,L,low,gastrula,14,F,freeze,3L14F,lime green ,fin!,filled with sample,,filled with sample,,D bundles pale,TRUE,14-Aug-2024,,,,
7/5/2024,D,N,3,71,M,mid,gastrula,14,F,freeze,3M14F,lime green ,fin!,filled with sample,,filled with sample,,D bundles pale,TRUE,26-Aug-2024,,,,
7/5/2024,D,N,3,72,H,high,gastrula,14,F,freeze,3H14F,lime green ,fin!,filled with sample,,filled with sample,,D bundles pale,TRUE,14-Aug-2024,,,,
7/5/2024,M,B,4,77,C,control,cleavage,4,F,freeze,4C4F,yellow green,fin!,filled with sample,,filled with sample,,,TRUE,26-Aug-2024,,,,
7/5/2024,M,B,4,78,L,low,cleavage,4,F,freeze,4L4F,yellow green,fin!,filled with sample,,filled with sample,,,TRUE,15-Aug-2024,,,,
7/5/2024,M,B,4,79,M,mid,cleavage,4,F,freeze,4M4F,yellow green,fin!,filled with sample,,filled with sample,,,TRUE,20-Aug-2024,,,,
7/5/2024,M,B,4,80,H,high,cleavage,4,F,freeze,4H4F,yellow green,fin!,filled with sample,,filled with sample,,,TRUE,15-Aug-2024,,,,
7/5/2024,M,B,4,85,C,control,prawn,9,F,freeze,4C9F,dark purple,fin!,filled with sample,,filled with sample,,,TRUE,15-Aug-2024,,,,
7/5/2024,M,B,4,86,L,low,prawn,9,F,freeze,4L9F,dark purple,fin!,filled with sample,,filled with sample,,,TRUE,15-Aug-2024,,,,
7/5/2024,M,B,4,87,M,mid,prawn,9,F,freeze,4M9F,dark purple,fin!,filled with sample,,filled with sample,,,TRUE,15-Aug-2024,,,,
7/5/2024,M,B,4,88,H,high,prawn,9,F,freeze,4H9F,dark purple,fin!,filled with sample,,filled with sample,,,TRUE,19-Aug-2024,,,,
7/5/2024,M,B,4,93,C,control,gastrula,14,F,freeze,4C14F,lime green ,fin!,filled with sample,,filled with sample,,,TRUE,15-Aug-2024,,,,
7/5/2024,M,B,4,94,L,low,gastrula,14,F,freeze,4L14F,lime green ,fin!,filled with sample,,filled with sample,,,TRUE,23-Aug-2024,,,,
7/5/2024,M,B,4,95,M,mid,gastrula,14,F,freeze,4M14F,lime green ,fin!,filled with sample,,filled with sample,,,TRUE,23-Aug-2024,,,,
7/5/2024,M,B,4,96,H,high,gastrula,14,F,freeze,4H14F,lime green ,fin!,filled with sample,,filled with sample,,,TRUE,26-Aug-2024,,,,
7/5/2024,1-White,J/N,5,101,C,control,cleavage,4,F,freeze,5C4F,yellow green,fin!,filled with sample,,filled with sample,,,TRUE,26-Aug-2024,,,,
7/5/2024,1-White,J/N,5,102,L,low,cleavage,4,F,freeze,5L4F,yellow green,fin!,filled with sample,,filled with sample,,,TRUE,15-Aug-2024,,,,
7/5/2024,1-White,J/N,5,103,M,mid,cleavage,4,F,freeze,5M4F,yellow green,fin!,filled with sample,,filled with sample,,,TRUE,20-Aug-2024,,,,
7/5/2024,1-White,J/N,5,104,H,high,cleavage,4,F,freeze,5H4F,yellow green,fin!,filled with sample,,filled with sample,,,TRUE,15-Aug-2024,,,,
7/5/2024,1-White,J/N,5,109,C,control,prawn,9,F,freeze,5C9F,dark purple,fin!,filled with sample,,filled with sample,,,TRUE,15-Aug-2024,,,,
7/5/2024,1-White,J/N,5,110,L,low,prawn,9,F,freeze,5L9F,dark purple,fin!,filled with sample,,filled with sample,,,TRUE,15-Aug-2024,,,,
7/5/2024,1-White,J/N,5,111,M,mid,prawn,9,F,freeze,5M9F,dark purple,fin!,filled with sample,,filled with sample,,,TRUE,15-Aug-2024,,,,
7/5/2024,1-White,J/N,5,112,H,high,prawn,9,F,freeze,5H9F,dark purple,fin!,filled with sample,,filled with sample,,,TRUE,19-Aug-2024,,,,
7/5/2024,1-White,N,5,117,C,control,gastrula,14,F,freeze,5C14F,lime green ,fin!,filled with sample,,filled with sample,,,TRUE,15-Aug-2024,,,,
7/5/2024,1-White,N,5,118,L,low,gastrula,14,F,freeze,5L14F,lime green ,fin!,filled with sample,,filled with sample,,,TRUE,23-Aug-2024,,,,
7/5/2024,1-White,N,5,119,M,mid,gastrula,14,F,freeze,5M14F,lime green ,fin!,filled with sample,,filled with sample,,,TRUE,23-Aug-2024,,,,
7/5/2024,1-White,M,5,120,H,high,gastrula,14,F,freeze,5H14F,lime green ,fin!,filled with sample,,filled with sample,,,TRUE,26-Aug-2024,,,,
7/6/2024,1-White,E,6,125,C,control,cleavage,4,F,freeze,6C4F,yellow green,fin!,filled with sample,,labelled,,,TRUE,26-Aug-2024,,,,
7/6/2024,1-White,E,6,126,L,low,cleavage,4,F,freeze,6L4F,yellow green,fin!,filled with sample,,labelled,,,TRUE,15-Aug-2024,,,,
7/6/2024,1-White,E,6,127,M,mid,cleavage,4,F,freeze,6M4F,yellow green,fin!,filled with sample,,labelled,,,TRUE,20-Aug-2024,,,,
7/6/2024,1-White,E,6,128,H,high,cleavage,4,F,freeze,6H4F,yellow green,fin!,filled with sample,,labelled,,,TRUE,15-Aug-2024,,,,
7/6/2024,1-White,E,6,133,C,control,prawn,9,F,freeze,6C9F,dark purple,fin!,filled with sample,,labelled,,,TRUE,12-Aug-2024,,,,
7/6/2024,1-White,E,6,134,L,low,prawn,9,F,freeze,6L9F,dark purple,fin!,filled with sample,,labelled,,,TRUE,15-Aug-2024,,,,
7/6/2024,1-White,E,6,135,M,mid,prawn,9,F,freeze,6M9F,dark purple,fin!,filled with sample,,labelled,,,TRUE,15-Aug-2024,,,,
7/6/2024,1-White,E,6,136,H,high,prawn,9,F,freeze,6H9F,dark purple,fin!,filled with sample,,labelled,,,TRUE,19-Aug-2024,,,,
7/6/2024,1-White,E,6,141,C,control,gastrula,14,F,freeze,6C14F,lime green ,fin!,filled with sample,,labelled,,,TRUE,12-Aug-2024,,,,
7/6/2024,1-White,E,6,142,L,low,gastrula,14,F,freeze,6L14F,lime green ,fin!,filled with sample,,labelled,,,TRUE,23-Aug-2024,,,,
7/6/2024,1-White,E,6,143,M,mid,gastrula,14,F,freeze,6M14F,lime green ,fin!,filled with sample,,labelled,,,TRUE,23-Aug-2024,,,,
7/6/2024,1-White,E,6,144,H,high,gastrula,14,F,freeze,6H14F,lime green ,fin!,filled with sample,,labelled,,,FALSE,NA,no sample,,,
7/6/2024,H,M,7,149,C,control,cleavage,4,F,freeze,7C4F,yellow green,fin!,filled with sample,,labelled,,,TRUE,23-Aug-2024,,,,
7/6/2024,H,M,7,150,L,low,cleavage,4,F,freeze,7L4F,yellow green,fin!,filled with sample,,labelled,,,TRUE,20-Aug-2024,,,,
7/6/2024,H,M,7,151,M,mid,cleavage,4,F,freeze,7M4F,yellow green,fin!,filled with sample,,labelled,,,TRUE,26-Aug-2024,,,,
7/6/2024,H,M,7,152,H,high,cleavage,4,F,freeze,7H4F,yellow green,fin!,filled with sample,,labelled,,,TRUE,21-Aug-2024,,,,
7/6/2024,H,M,7,157,C,control,prawn,9,F,freeze,7C9F,dark purple,fin!,filled with sample,,labelled,,,TRUE,12-Aug-2024,,,,
7/6/2024,H,M,7,158,L,low,prawn,9,F,freeze,7L9F,dark purple,fin!,filled with sample,,labelled,,,TRUE,16-Aug-2024,,,,
7/6/2024,H,M,7,159,M,mid,prawn,9,F,freeze,7M9F,dark purple,fin!,filled with sample,,labelled,,,FALSE,NA,no sample,,,
7/6/2024,H,M,7,160,H,high,prawn,9,F,freeze,7H9F,dark purple,fin!,filled with sample,,labelled,,,TRUE,23-Aug-2024,,,,
7/6/2024,H,M,7,165,C,control,gastrula,14,F,freeze,7C14F,lime green ,fin!,filled with sample,,labelled,,,TRUE,12-Aug-2024,,,,
7/6/2024,H,M,7,166,L,low,gastrula,14,F,freeze,7L14F,lime green ,fin!,filled with sample,,labelled,,,TRUE,19-Aug-2024,,,,
7/6/2024,H,M,7,167,M,mid,gastrula,14,F,freeze,7M14F,lime green ,fin!,filled with sample,,labelled,,,TRUE,20-Aug-2024,,,,
7/6/2024,H,M,7,168,H,high,gastrula,14,F,freeze,7H14F,lime green ,fin!,filled with sample,,labelled,,,TRUE,26-Aug-2024,,,,
7/6/2024,J,G,8,173,C,control,cleavage,4,F,freeze,8C4F,yellow green,fin!,filled with sample,,labelled,,,TRUE,23-Aug-2024,,,,
7/6/2024,J,G,8,174,L,low,cleavage,4,F,freeze,8L4F,yellow green,fin!,filled with sample,,labelled,,,TRUE,20-Aug-2024,,,,
7/6/2024,J,G,8,175,M,mid,cleavage,4,F,freeze,8M4F,yellow green,fin!,filled with sample,,labelled,,,TRUE,26-Aug-2024,,,,
7/6/2024,J,G,8,176,H,high,cleavage,4,F,freeze,8H4F,yellow green,fin!,filled with sample,,labelled,,,TRUE,21-Aug-2024,,,,
7/6/2024,J,G,8,181,C,control,prawn,9,F,freeze,8C9F,dark purple,fin!,filled with sample,,labelled,,,TRUE,26-Aug-2024,,,,
7/6/2024,J,G,8,182,L,low,prawn,9,F,freeze,8L9F,dark purple,fin!,filled with sample,,labelled,,,TRUE,16-Aug-2024,,,,
7/6/2024,J,G,8,183,M,mid,prawn,9,F,freeze,8M9F,dark purple,fin!,filled with sample,,labelled,,,TRUE,21-Aug-2024,,,,
7/6/2024,J,G,8,184,H,high,prawn,9,F,freeze,8H9F,dark purple,fin!,filled with sample,,labelled,,,TRUE,23-Aug-2024,,,,
7/6/2024,J,G,8,189,C,control,gastrula,14,F,freeze,8C14F,lime green ,fin!,filled with sample,,labelled,,,TRUE,23-Aug-2024,,,,
7/6/2024,J,G,8,190,L,low,gastrula,14,F,freeze,8L14F,lime green ,fin!,filled with sample,,labelled,,,TRUE,19-Aug-2024,,,,
7/6/2024,J,G,8,191,M,mid,gastrula,14,F,freeze,8M14F,lime green ,fin!,filled with sample,,labelled,,,TRUE,20-Aug-2024,,,,
7/6/2024,J,G,8,192,H,high,gastrula,14,F,freeze,8H14F,lime green ,fin!,filled with sample,,labelled,,,TRUE,26-Aug-2024,,,,
7/6/2024,B,J,9,197,C,control,cleavage,4,F,freeze,9C4F,yellow green,fin!,filled with sample,,labelled,,,TRUE,23-Aug-2024,,,,
7/6/2024,B,J,9,198,L,low,cleavage,4,F,freeze,9L4F,yellow green,fin!,filled with sample,,labelled,,,TRUE,20-Aug-2024,,,,
7/6/2024,B,J,9,199,M,mid,cleavage,4,F,freeze,9M4F,yellow green,fin!,filled with sample,,labelled,,,TRUE,26-Aug-2024,,,,
7/6/2024,B,J,9,200,H,high,cleavage,4,F,freeze,9H4F,yellow green,fin!,filled with sample,,labelled,,,TRUE,21-Aug-2024,,,,
7/6/2024,B,J,9,205,C,control,prawn,9,F,freeze,9C9F,dark purple,fin!,filled with sample,,labelled,,,TRUE,26-Aug-2024,,,,
7/6/2024,B,J,9,206,L,low,prawn,9,F,freeze,9L9F,dark purple,fin!,filled with sample,,labelled,,,TRUE,16-Aug-2024,,,,
7/6/2024,B,J,9,207,M,mid,prawn,9,F,freeze,9M9F,dark purple,fin!,filled with sample,,labelled,,,TRUE,21-Aug-2024,,,,
7/6/2024,B,J,9,208,H,high,prawn,9,F,freeze,9H9F,dark purple,fin!,filled with sample,,labelled,,,TRUE,23-Aug-2024,,,,
7/6/2024,B,J,9,213,C,control,gastrula,14,F,freeze,9C14F,lime green,fin!,filled with sample,,labelled,,,TRUE,23-Aug-2024,,,,
7/6/2024,B,J,9,214,L,low,gastrula,14,F,freeze,9L14F,lime green ,fin!,filled with sample,,labelled,,,TRUE,19-Aug-2024,,,,
7/6/2024,B,J,9,215,M,mid,gastrula,14,F,freeze,9M14F,lime green ,fin!,filled with sample,,labelled,,,TRUE,20-Aug-2024,,,,
7/6/2024,B,J,9,216,H,high,gastrula,14,F,freeze,9H14F,lime green ,fin!,filled with sample,,labelled,,,TRUE,26-Aug-2024,,,,
7/6/2024,B,J,10,221,C,control,cleavage,4,F,freeze,10C4F,yellow green,fin!,filled with sample,,labelled,,,TRUE,20-Aug-2024,,,,
7/6/2024,B,J,10,222,L,low,cleavage,4,F,freeze,10L4F,yellow green,fin!,filled with sample,,labelled,,,TRUE,21-Aug-2024,,,,
7/6/2024,B,J,10,223,M,mid,cleavage,4,F,freeze,10M4F,yellow green,fin!,filled with sample,,labelled,,,TRUE,23-Aug-2024,,,,
7/6/2024,B,J,10,224,H,high,cleavage,4,F,freeze,10H4F,yellow green,fin!,filled with sample,,labelled,,,TRUE,23-Aug-2024,,,,
7/6/2024,B,J,10,229,C,control,prawn,9,F,freeze,10C9F,dark purple,fin!,filled with sample,,labelled,,,TRUE,16-Aug-2024,,,,
7/6/2024,B,J,10,230,L,low,prawn,9,F,freeze,10L9F,dark purple,fin!,filled with sample,,labelled,,,TRUE,21-Aug-2024,,,,
7/6/2024,B,J,10,231,M,mid,prawn,9,F,freeze,10M9F,dark purple,fin!,filled with sample,,labelled,,,TRUE,23-Aug-2024,,,,
7/6/2024,B,J,10,232,H,high,prawn,9,F,freeze,10H9F,dark purple,fin!,filled with sample,,labelled,,,TRUE,16-Aug-2024,,,,
7/6/2024,B,J,10,237,C,control,gastrula,14,F,freeze,10C14F,lime green,fin!,filled with sample,,labelled,,,TRUE,19-Aug-2024,,,,
7/6/2024,B,J,10,238,L,low,gastrula,14,F,freeze,10L14F,lime green,fin!,filled with sample,,labelled,,,TRUE,21-Aug-2024,,,,
7/6/2024,B,J,10,239,M,mid,gastrula,14,F,freeze,10M14F,lime green,fin!,filled with sample,,labelled,,,TRUE,26-Aug-2024,,,,
7/6/2024,B,J,10,240,H,high,gastrula,14,F,freeze,10H14F,lime green,fin!,labelled,,labelled,,,TRUE,20-Aug-2024,,,,
7/7/2024,E,1_white,11,241,C,control,cleavage,4,F,freeze,11C4F,orange,fin!,filled with sample,,,,,TRUE,20-Aug-2024,,,,
7/7/2024,E,1_white,11,242,L,low,cleavage,4,F,freeze,11L4F,orange,fin!,filled with sample,,,,,TRUE,21-Aug-2024,,,,
7/7/2024,E,1_white,11,243,M,mid,cleavage,4,F,freeze,11M4F,orange,fin!,filled with sample,,,,,TRUE,23-Aug-2024,,,,
7/7/2024,E,1_white,11,244,H,high,cleavage,4,F,freeze,11H4F,orange,fin!,filled with sample,,,,,TRUE,23-Aug-2024,,,,
7/7/2024,E,1_white,11,245,C,control,prawn,9,F,freeze,11C9F,tan,labelled,labelled,,,,,TRUE,16-Aug-2024,,,,
7/7/2024,E,1_white,11,246,L,low,prawn,9,F,freeze,11L9F,tan,labelled,labelled,,,,,TRUE,21-Aug-2024,,,,
7/7/2024,E,1_white,11,247,M,mid,prawn,9,F,freeze,11M9F,tan,labelled,labelled,,,,,TRUE,23-Aug-2024,,,,
7/7/2024,E,1_white,11,248,H,high,prawn,9,F,freeze,11H9F,tan,labelled,labelled,,,,,TRUE,16-Aug-2024,,,,
7/7/2024,E,1_white,11,249,C,control,gastrula,14,F,freeze,11C14F,blue,labelled,labelled,,,,,TRUE,19-Aug-2024,,,,
7/7/2024,E,1_white,11,250,L,low,gastrula,14,F,freeze,11L14F,blue,labelled,labelled,,,,,TRUE,21-Aug-2024,,,,
7/7/2024,E,1_white,11,251,M,mid,gastrula,14,F,freeze,11M14F,blue,labelled,labelled,,,,,TRUE,26-Aug-2024,,,,
7/7/2024,E,1_white,11,252,H,high,gastrula,14,F,freeze,11H14F,blue,labelled,labelled,,,,,TRUE,20-Aug-2024,,,,
7/7/2024,H,15_orange,12,253,C,control,cleavage,4,F,freeze,12C4F,orange,fin!,filled with sample,,,,,TRUE,20-Aug-2024,,,,
7/7/2024,H,15_orange,12,254,L,low,cleavage,4,F,freeze,12L4F,orange,fin!,filled with sample,,,,,TRUE,21-Aug-2024,,,,
7/7/2024,H,15_orange,12,255,M,mid,cleavage,4,F,freeze,12M4F,orange,fin!,filled with sample,,,,,TRUE,23-Aug-2024,,,,
7/7/2024,H,15_orange,12,256,H,high,cleavage,4,F,freeze,12H4F,orange,fin!,filled with sample,,,,,TRUE,23-Aug-2024,,,,
7/7/2024,H,15_orange,12,257,C,control,prawn,9,F,freeze,12C9F,tan,labelled,labelled,,,,,TRUE,16-Aug-2024,,,,
7/7/2024,H,15_orange,12,258,L,low,prawn,9,F,freeze,12L9F,tan,labelled,labelled,,,,,TRUE,21-Aug-2024,,,,
7/7/2024,H,15_orange,12,259,M,mid,prawn,9,F,freeze,12M9F,tan,labelled,labelled,,,,,TRUE,23-Aug-2024,,,,
7/7/2024,H,15_orange,12,260,H,high,prawn,9,F,freeze,12H9F,tan,labelled,labelled,,,,,TRUE,16-Aug-2024,,,,
7/7/2024,H,15_orange,12,261,C,control,gastrula,14,F,freeze,12C14F,blue,labelled,labelled,,,,,TRUE,19-Aug-2024,,,,
7/7/2024,H,15_orange,12,262,L,low,gastrula,14,F,freeze,12L14F,blue,labelled,labelled,,,,,TRUE,21-Aug-2024,,,,
7/7/2024,H,15_orange,12,263,M,mid,gastrula,14,F,freeze,12M14F,blue,labelled,labelled,,,,,TRUE,26-Aug-2024,,,,
7/7/2024,H,15_orange,12,264,H,high,gastrula,14,F,freeze,12H14F,blue,labelled,labelled,,,,,TRUE,20-Aug-2024,,,,
7/7/2024,L,F,13,265,C,control,cleavage,4,F,freeze,13C4F,orange,fin!,filled with sample,,,,,TRUE,16-Aug-2024,,,,
7/7/2024,L,F,13,266,L,low,cleavage,4,F,freeze,13L4F,orange,fin!,filled with sample,,,,,TRUE,19-Aug-2024,,,,
7/7/2024,L,F,13,267,M,mid,cleavage,4,F,freeze,13M4F,orange,fin!,filled with sample,,,,,TRUE,21-Aug-2024,,,,
7/7/2024,L,F,13,268,H,high,cleavage,4,F,freeze,13H4F,orange,fin!,filled with sample,,,,,TRUE,26-Aug-2024,,,,
7/7/2024,L,F,13,269,C,control,prawn,9,F,freeze,13C9F,tan,labelled,labelled,,,,,TRUE,20-Aug-2024,,,,
7/7/2024,L,F,13,270,L,low,prawn,9,F,freeze,13L9F,tan,labelled,labelled,,,,,TRUE,23-Aug-2024,,,,
7/7/2024,L,F,13,271,M,mid,prawn,9,F,freeze,13M9F,tan,labelled,labelled,,,,,TRUE,19-Aug-2024,,,,
7/7/2024,L,F,13,272,H,high,prawn,9,F,freeze,13H9F,tan,labelled,labelled,,,,,TRUE,21-Aug-2024,,,,
7/7/2024,L,F,13,273,C,control,gastrula,14,F,freeze,13C14F,blue,labelled,labelled,,,,,TRUE,20-Aug-2024,,,,
7/7/2024,L,F,13,274,L,low,gastrula,14,F,freeze,13L14F,blue,labelled,labelled,,,,,TRUE,26-Aug-2024,,,,
7/7/2024,L,F,13,275,M,mid,gastrula,14,F,freeze,13M14F,blue,labelled,labelled,,,,,TRUE,16-Aug-2024,,,,
7/7/2024,L,F,13,276,H,high,gastrula,14,F,freeze,13H14F,blue,labelled,labelled,,,,,TRUE,23-Aug-2024,,,,
7/7/2024,Q,C,14,277,C,control,cleavage,4,F,freeze,14C4F,orange,fin!,filled with sample,,,,,TRUE,16-Aug-2024,,,,
7/7/2024,Q,C,14,278,L,low,cleavage,4,F,freeze,14L4F,orange,fin!,filled with sample,,,,,TRUE,19-Aug-2024,,,,
7/7/2024,Q,C,14,279,M,mid,cleavage,4,F,freeze,14M4F,orange,fin!,filled with sample,,,,,TRUE,21-Aug-2024,,,,
7/7/2024,Q,C,14,280,H,high,cleavage,4,F,freeze,14H4F,orange,fin!,filled with sample,,,,,TRUE,26-Aug-2024,,,,
7/7/2024,Q,C,14,281,C,control,prawn,9,F,freeze,14C9F,tan,labelled,labelled,,,,,TRUE,20-Aug-2024,,,,
7/7/2024,Q,C,14,282,L,low,prawn,9,F,freeze,14L9F,tan,labelled,labelled,,,,,TRUE,23-Aug-2024,,,,
7/7/2024,Q,C,14,283,M,mid,prawn,9,F,freeze,14M9F,tan,labelled,labelled,,,,,TRUE,19-Aug-2024,,,,
7/7/2024,Q,C,14,284,H,high,prawn,9,F,freeze,14H9F,tan,labelled,labelled,,,,,TRUE,21-Aug-2024,,,,
7/7/2024,Q,C,14,285,C,control,gastrula,14,F,freeze,14C14F,blue,labelled,labelled,,,,,TRUE,20-Aug-2024,,,,
7/7/2024,Q,C,14,286,L,low,gastrula,14,F,freeze,14L14F,blue,labelled,labelled,,,,,TRUE,26-Aug-2024,,,,
7/7/2024,Q,C,14,287,M,mid,gastrula,14,F,freeze,14M14F,blue,labelled,labelled,,,,,TRUE,16-Aug-2024,,,,
7/7/2024,Q,C,14,288,H,high,gastrula,14,F,freeze,14H14F,blue,labelled,labelled,,,,,TRUE,23-Aug-2024,,,,
7/7/2024,B,A,15,289,C,control,cleavage,4,F,freeze,15C4F,orange,fin!,filled with sample,,,,,TRUE,16-Aug-2024,,,,
7/7/2024,B,A,15,290,L,low,cleavage,4,F,freeze,15L4F,orange,fin!,filled with sample,,,,,TRUE,19-Aug-2024,,,,
7/7/2024,B,A,15,291,M,mid,cleavage,4,F,freeze,15M4F,orange,fin!,filled with sample,,,,,TRUE,21-Aug-2024,,,,
7/7/2024,B,A,15,292,H,high,cleavage,4,F,freeze,15H4F,orange,fin!,filled with sample,,,,,TRUE,26-Aug-2024,,,,
7/7/2024,B,A,15,293,C,control,prawn,9,F,freeze,15C9F,tan,fin!,filled with sample,,,,,TRUE,20-Aug-2024,,,,
7/7/2024,B,A,15,294,L,low,prawn,9,F,freeze,15L9F,tan,labelled,labelled,,,,,TRUE,23-Aug-2024,,,,
7/7/2024,B,A,15,295,M,mid,prawn,9,F,freeze,15M9F,tan,labelled,labelled,,,,,TRUE,19-Aug-2024,,,,
7/7/2024,B,A,15,296,H,high,prawn,9,F,freeze,15H9F,tan,labelled,labelled,,,,,TRUE,21-Aug-2024,,,,
7/7/2024,B,A,15,297,C,control,gastrula,14,F,freeze,15C14F,blue,labelled,labelled,,,,,TRUE,20-Aug-2024,,,,
7/7/2024,B,A,15,298,L,low,gastrula,14,F,freeze,15L14F,blue,labelled,labelled,,,,,TRUE,26-Aug-2024,,,,
7/7/2024,B,A,15,299,M,mid,gastrula,14,F,freeze,15M14F,blue,labelled,labelled,,,,,TRUE,16-Aug-2024,,,,
7/7/2024,B,A,15,300,H,high,gastrula,14,F,freeze,15H14F,blue,labelled,labelled,,,,,TRUE,23-Aug-2024,,,,
7/5/2024,H,M,1,1,C,control,cleavage,4,Z,zfix,1C4Z,gold,fin!,filled with sample,,filled with sample,,,,,,TRUE,,
7/5/2024,H,M,1,2,L,low,cleavage,4,Z,zfix,1L4Z,gold,fin!,filled with sample,,filled with sample,,,,,,TRUE,,
7/5/2024,H,M,1,3,M,mid,cleavage,4,Z,zfix,1M4Z,gold,fin!,filled with sample,,filled with sample,,,,,,TRUE,,
7/5/2024,H,M,1,4,H,high,cleavage,4,Z,zfix,1H4Z,gold,fin!,filled with sample,,filled with sample,,,,,,TRUE,,
7/5/2024,H,M,1,9,C,control,prawn,9,Z,zfix,1C9Z,light purple,fin!,filled with sample,,filled with sample,,,,,,TRUE,,
7/5/2024,H,M,1,10,L,low,prawn,9,Z,zfix,1L9Z,light purple,fin!,filled with sample,,filled with sample,,,,,,TRUE,,
7/5/2024,H,M,1,11,M,mid,prawn,9,Z,zfix,1M9Z,light purple,fin!,filled with sample,,filled with sample,,,,,,TRUE,,
7/5/2024,H,M,1,12,H,high,prawn,9,Z,zfix,1H9Z,light purple,fin!,filled with sample,,filled with sample,,,,,,TRUE,,
7/5/2024,H,M,1,17,C,control,gastrula,14,Z,zfix,1C14Z,,fin!,filled with sample,,filled with sample,,,,,,TRUE,,
7/5/2024,H,M,1,18,L,low,gastrula,14,Z,zfix,1L14Z,aqua,fin!,filled with sample,,filled with sample,,,,,,TRUE,,
7/5/2024,H,M,1,19,M,mid,gastrula,14,Z,zfix,1M14Z,aqua,fin!,filled with sample,,filled with sample,,,,,,TRUE,3 degraded embryos,
7/5/2024,H,M,1,20,H,high,gastrula,14,Z,zfix,1H14Z,aqua,fin!,filled with sample,,filled with sample,,,,,,TRUE,,
7/5/2024,30-Orange,1-White,2,25,C,control,cleavage,4,Z,zfix,2C4Z,gold,fin!,filled with sample,,filled with sample,,30-Orange x 1-White poor viability,,,,TRUE,,
7/5/2024,30-Orange,1-White,2,26,L,low,cleavage,4,Z,zfix,2L4Z,gold,fin!,filled with sample,,filled with sample,,30-Orange x 1-White poor viability,,,,TRUE,,
7/5/2024,30-Orange,1-White,2,27,M,mid,cleavage,4,Z,zfix,2M4Z,gold,fin!,filled with sample,,filled with sample,,30-Orange x 1-White poor viability,,,,TRUE,,
7/5/2024,30-Orange,1-White,2,28,H,high,cleavage,4,Z,zfix,2H4Z,gold,fin!,filled with sample,,filled with sample,,30-Orange x 1-White poor viability,,,,TRUE,,
7/5/2024,30-Orange,1-White,2,33,C,control,prawn,9,Z,zfix,2C9Z,light purple,fin!,filled with sample,,filled with sample,,30-Orange x 1-White poor viability,,,,TRUE,"2 degraded embryos, need to stitch from images",
7/5/2024,30-Orange,1-White,2,34,L,low,prawn,9,Z,zfix,2L9Z,light purple,fin!,filled with sample,,filled with sample,,30-Orange x 1-White poor viability,,,,TRUE,poor viability,
7/5/2024,30-Orange,1-White,2,35,M,mid,prawn,9,Z,zfix,2M9Z,light purple,fin!,filled with sample,,filled with sample,,30-Orange x 1-White poor viability,,,,TRUE,poor viability,
7/5/2024,30-Orange,1-White,2,36,H,high,prawn,9,Z,zfix,2H9Z,light purple,fin!,filled with sample,,filled with sample,,30-Orange x 1-White poor viability,,,,TRUE,poor viability,
7/5/2024,30-Orange,1-White,2,41,C,control,gastrula,14,Z,zfix,2C14Z,aqua,fin!,filled with sample,,filled with sample,,30-Orange x 1-White poor viability,,,,TRUE,poor viability,
7/5/2024,30-Orange,1-White,2,42,L,low,gastrula,14,Z,zfix,2L14Z,aqua,fin!,filled with sample,,filled with sample,,30-Orange x 1-White poor viability,,,,TRUE,"few embryos, highly deformed or degraded?",
7/5/2024,30-Orange,1-White,2,43,M,mid,gastrula,14,Z,zfix,2M14Z,aqua,fin!,filled with sample,,filled with sample,yes,do not know if there was anything there,,,,TRUE,one degraded embryo?,
7/5/2024,30-Orange,1-White,2,44,H,high,gastrula,14,Z,zfix,2H14Z,aqua,fin!,filled with sample,,filled with sample,,30-Orange x 1-White poor viability,,,,TRUE,stitch of 2 images,
7/5/2024,D,N,3,49,C,control,cleavage,4,Z,zfix,3C4Z,gold,fin!,filled with sample,,filled with sample,,D bundles pale,,,,TRUE,,
7/5/2024,D,N,3,50,L,low,cleavage,4,Z,zfix,3L4Z,gold,fin!,filled with sample,,filled with sample,,D bundles pale,,,,TRUE,,
7/5/2024,D,N,3,51,M,mid,cleavage,4,Z,zfix,3M4Z,gold,fin!,filled with sample,,filled with sample,,D bundles pale,,,,TRUE,,
7/5/2024,D,N,3,52,H,high,cleavage,4,Z,zfix,3H4Z,gold,fin!,filled with sample,,filled with sample,,D bundles pale,,,,TRUE,,
7/5/2024,D,N,3,57,C,control,prawn,9,Z,zfix,3C9Z,light purple,fin!,filled with sample,,filled with sample,,D bundles pale,,,,FALSE,need to stitch large image from files,
7/5/2024,D,N,3,58,L,low,prawn,9,Z,zfix,3L9Z,light purple,fin!,filled with sample,,filled with sample,,D bundles pale,,,,TRUE,stitch of only two degraded embryos,
7/5/2024,D,N,3,59,M,mid,prawn,9,Z,zfix,3M9Z,light purple,fin!,filled with sample,,filled with sample,,D bundles pale,,,,TRUE,,
7/5/2024,D,N,3,60,H,high,prawn,9,Z,zfix,3H9Z,light purple,fin!,filled with sample,,filled with sample,,D bundles pale,,,,TRUE,,
7/5/2024,D,N,3,65,C,control,gastrula,14,Z,zfix,3C14Z,aqua,fin!,filled with sample,,filled with sample,,D bundles pale,,,,TRUE,,
7/5/2024,D,N,3,66,L,low,gastrula,14,Z,zfix,3L14Z,aqua,fin!,filled with sample,,filled with sample,,D bundles pale,,,,TRUE,only 1 image of 3 eggs,
7/5/2024,D,N,3,67,M,mid,gastrula,14,Z,zfix,3M14Z,aqua,fin!,filled with sample,,filled with sample,,D bundles pale,,,,TRUE,,
7/5/2024,D,N,3,68,H,high,gastrula,14,Z,zfix,3H14Z,aqua,fin!,filled with sample,,filled with sample,,D bundles pale,,,,TRUE,,
7/5/2024,M,B,4,73,C,control,cleavage,4,Z,zfix,4C4Z,gold,fin!,filled with sample,,filled with sample,,,,,,TRUE,,
7/5/2024,M,B,4,74,L,low,cleavage,4,Z,zfix,4L4Z,gold,fin!,filled with sample,,filled with sample,,,,,,TRUE,,
7/5/2024,M,B,4,75,M,mid,cleavage,4,Z,zfix,4M4Z,gold,fin!,filled with sample,,filled with sample,,lost some material for zfix sample,,,,TRUE,,
7/5/2024,M,B,4,76,H,high,cleavage,4,Z,zfix,4H4Z,gold,fin!,filled with sample,,filled with sample,,,,,,TRUE,,
7/5/2024,M,B,4,81,C,control,prawn,9,Z,zfix,4C9Z,light purple,fin!,filled with sample,,filled with sample,,,,,,TRUE,,
7/5/2024,M,B,4,82,L,low,prawn,9,Z,zfix,4L9Z,light purple,fin!,filled with sample,,filled with sample,,,,,,TRUE,,
7/5/2024,M,B,4,83,M,mid,prawn,9,Z,zfix,4M9Z,light purple,fin!,filled with sample,,filled with sample,,,,,,TRUE,,
7/5/2024,M,B,4,84,H,high,prawn,9,Z,zfix,4H9Z,light purple,fin!,filled with sample,,filled with sample,,,,,,TRUE,,
7/5/2024,M,B,4,89,C,control,gastrula,14,Z,zfix,4C14Z,aqua,fin!,filled with sample,,filled with sample,,,,,,FALSE,,
7/5/2024,M,B,4,90,L,low,gastrula,14,Z,zfix,4L14Z,aqua,fin!,filled with sample,,filled with sample,,,,,,TRUE,,
7/5/2024,M,B,4,91,M,mid,gastrula,14,Z,zfix,4M14Z,aqua,fin!,filled with sample,,filled with sample,,,,,,TRUE,,
7/5/2024,M,B,4,92,H,high,gastrula,14,Z,zfix,4H14Z,aqua,fin!,filled with sample,,filled with sample,,,,,,FALSE,stitch from individual images,
7/5/2024,1-White,M,5,97,C,control,cleavage,4,Z,zfix,5C4Z,gold,fin!,filled with sample,,filled with sample,,added z-fix by colony rather than treatment,,,,TRUE,,
7/5/2024,1-White,M,5,98,L,low,cleavage,4,Z,zfix,5L4Z,gold,fin!,filled with sample,,filled with sample,,added z-fix by colony rather than treatment,,,,TRUE,,
7/5/2024,1-White,M,5,99,M,mid,cleavage,4,Z,zfix,5M4Z,gold,fin!,filled with sample,,filled with sample,,added z-fix by colony rather than treatment,,,,TRUE,,
7/5/2024,1-White,M,5,100,H,high,cleavage,4,Z,zfix,5H4Z,gold,fin!,filled with sample,,filled with sample,,added z-fix by colony rather than treatment,,,,TRUE,,
7/5/2024,1-White,M,5,105,C,control,prawn,9,Z,zfix,5C9Z,light purple,fin!,filled with sample,,filled with sample,,,,,,TRUE,,
7/5/2024,1-White,J,5,106,L,low,prawn,9,Z,zfix,5L9Z,light purple,fin!,filled with sample,,filled with sample,,,,,,TRUE,,
7/5/2024,1-White,J,5,107,M,mid,prawn,9,Z,zfix,5M9Z,light purple,fin!,filled with sample,,filled with sample,,,,,,TRUE,,
7/5/2024,1-White,J,5,108,H,high,prawn,9,Z,zfix,5H9Z,light purple,fin!,filled with sample,,filled with sample,,,,,,TRUE,,
7/5/2024,1-White,J/N,5,113,C,control,gastrula,14,Z,zfix,5C14Z,aqua,fin!,filled with sample,,filled with sample,,,,,,TRUE,,
7/5/2024,1-White,J/N,5,114,L,low,gastrula,14,Z,zfix,5L14Z,aqua,fin!,filled with sample,,filled with sample,,,,,,TRUE,,
7/5/2024,1-White,J/N,5,115,M,mid,gastrula,14,Z,zfix,5M14Z,aqua,fin!,filled with sample,,filled with sample,,,,,,TRUE,,
7/5/2024,1-White,J/N,5,116,H,high,gastrula,14,Z,zfix,5H14Z,aqua,fin!,filled with sample,,filled with sample,,,,,,TRUE,,
7/6/2024,1-White,E,6,121,C,control,cleavage,4,Z,zfix,6C4Z,gold,fin!,filled with sample,,labelled,,added z-fix by colony rather than treatment,,,,TRUE,,
7/6/2024,1-White,E,6,122,L,low,cleavage,4,Z,zfix,6L4Z,gold,fin!,filled with sample,,labelled,,added z-fix by colony rather than treatment,,,,TRUE,,
7/6/2024,1-White,E,6,123,M,mid,cleavage,4,Z,zfix,6M4Z,gold,fin!,filled with sample,,labelled,,added z-fix by colony rather than treatment,,,,TRUE,,
7/6/2024,1-White,E,6,124,H,high,cleavage,4,Z,zfix,6H4Z,gold,fin!,filled with sample,,labelled,,added z-fix by colony rather than treatment,,,,TRUE,,
7/6/2024,1-White,E,6,129,C,control,prawn,9,Z,zfix,6C9Z,light purple,fin!,filled with sample,,labelled,,,,,,TRUE,,
7/6/2024,1-White,E,6,130,L,low,prawn,9,Z,zfix,6L9Z,light purple,fin!,filled with sample,,labelled,,,,,,TRUE,,
7/6/2024,1-White,E,6,131,M,mid,prawn,9,Z,zfix,6M9Z,light purple,fin!,filled with sample,,labelled,,,,,,TRUE,,
7/6/2024,1-White,E,6,132,H,high,prawn,9,Z,zfix,6H9Z,light purple,fin!,filled with sample,,labelled,,,,,,TRUE,"spread slide, 2 embryos in hydrocolloid ",
7/6/2024,1-White,E,6,137,C,control,gastrula,14,Z,zfix,6C14Z,aqua,fin!,filled with sample,,labelled,,,,,,TRUE,,
7/6/2024,1-White,E,6,138,L,low,gastrula,14,Z,zfix,6L14Z,aqua,fin!,filled with sample,,labelled,,,,,,TRUE,,
7/6/2024,1-White,E,6,139,M,mid,gastrula,14,Z,zfix,6M14Z,aqua,fin!,filled with sample,,labelled,,,,,,TRUE,,
7/6/2024,1-White,E,6,140,H,high,gastrula,14,Z,zfix,6H14Z,aqua,fin!,filled with sample,,labelled,yes,,,,,TRUE,,
7/6/2024,H,M,7,145,C,control,cleavage,4,Z,zfix,7C4Z,gold,fin!,filled with sample,,labelled,,added z-fix by colony rather than treatment,,,,TRUE,,
7/6/2024,H,M,7,146,L,low,cleavage,4,Z,zfix,7L4Z,gold,fin!,filled with sample,,labelled,,added z-fix by colony rather than treatment,,,,TRUE,,
7/6/2024,H,M,7,147,M,mid,cleavage,4,Z,zfix,7M4Z,gold,fin!,filled with sample,,labelled,,added z-fix by colony rather than treatment,,,,TRUE,,
7/6/2024,H,M,7,148,H,high,cleavage,4,Z,zfix,7H4Z,gold,fin!,filled with sample,,labelled,,added z-fix by colony rather than treatment,,,,TRUE,,
7/6/2024,H,M,7,153,C,control,prawn,9,Z,zfix,7C9Z,light purple,fin!,filled with sample,,labelled,,,,,,TRUE,,
7/6/2024,H,M,7,154,L,low,prawn,9,Z,zfix,7L9Z,light purple,fin!,filled with sample,,labelled,,,,,,FALSE,,
7/6/2024,H,M,7,155,M,mid,prawn,9,Z,zfix,7M9Z,light purple,fin!,filled with sample,,labelled,,,,,,TRUE,,
7/6/2024,H,M,7,156,H,high,prawn,9,Z,zfix,7H9Z,light purple,fin!,filled with sample,,labelled,,,,,,FALSE,,
7/6/2024,H,M,7,161,C,control,gastrula,14,Z,zfix,7C14Z,aqua,fin!,filled with sample,,labelled,,,,,,FALSE,,
7/6/2024,H,M,7,162,L,low,gastrula,14,Z,zfix,7L14Z,aqua,fin!,filled with sample,,labelled,,,,,,TRUE,,
7/6/2024,H,M,7,163,M,mid,gastrula,14,Z,zfix,7M14Z,aqua,fin!,filled with sample,,labelled,,,,,,FALSE,,
7/6/2024,H,M,7,164,H,high,gastrula,14,Z,zfix,7H14Z,aqua,fin!,filled with sample,,labelled,yes,,,,,FALSE,,
7/6/2024,J,G,8,169,C,control,cleavage,4,Z,zfix,8C4Z,gold,fin!,filled with sample,,labelled,,added z-fix by colony rather than treatment,,,,TRUE,,
7/6/2024,J,G,8,170,L,low,cleavage,4,Z,zfix,8L4Z,gold,fin!,filled with sample,,labelled,,added z-fix by colony rather than treatment,,,,TRUE,,
7/6/2024,J,G,8,171,M,mid,cleavage,4,Z,zfix,8M4Z,gold,fin!,filled with sample,,labelled,,added z-fix by colony rather than treatment,,,,TRUE,,
7/6/2024,J,G,8,172,H,high,cleavage,4,Z,zfix,8H4Z,gold,fin!,filled with sample,,labelled,,added z-fix by colony rather than treatment,,,,TRUE,,
7/6/2024,J,G,8,177,C,control,prawn,9,Z,zfix,8C9Z,light purple,fin!,filled with sample,,labelled,,,,,,TRUE,,
7/6/2024,J,G,8,178,L,low,prawn,9,Z,zfix,8L9Z,light purple,fin!,filled with sample,,labelled,,,,,,FALSE,,
7/6/2024,J,G,8,179,M,mid,prawn,9,Z,zfix,8M9Z,light purple,fin!,filled with sample,,labelled,,,,,,TRUE,,
7/6/2024,J,G,8,180,H,high,prawn,9,Z,zfix,8H9Z,light purple,fin!,filled with sample,,labelled,,,,,,FALSE,,
7/6/2024,J,G,8,185,C,control,gastrula,14,Z,zfix,8C14Z,aqua,fin!,filled with sample,,labelled,,,,,,FALSE,,
7/6/2024,J,G,8,186,L,low,gastrula,14,Z,zfix,8L14Z,aqua,fin!,filled with sample,,labelled,,,,,,FALSE,,
7/6/2024,J,G,8,187,M,mid,gastrula,14,Z,zfix,8M14Z,aqua,fin!,filled with sample,,labelled,,,,,,FALSE,,
7/6/2024,J,G,8,188,H,high,gastrula,14,Z,zfix,8H14Z,aqua,fin!,filled with sample,,labelled,,,,,,FALSE,,
7/6/2024,B,J,9,193,C,control,cleavage,4,Z,zfix,9C4Z,gold,fin!,filled with sample,,labelled,,added z-fix by colony rather than treatment,,,,TRUE,,
7/6/2024,B,J,9,194,L,low,cleavage,4,Z,zfix,9L4Z,gold,fin!,filled with sample,,labelled,,added z-fix by colony rather than treatment,,,,TRUE,,
7/6/2024,B,J,9,195,M,mid,cleavage,4,Z,zfix,9M4Z,gold,fin!,filled with sample,,labelled,,added z-fix by colony rather than treatment,,,,TRUE,,
7/6/2024,B,J,9,196,H,high,cleavage,4,Z,zfix,9H4Z,gold,fin!,filled with sample,,labelled,,added z-fix by colony rather than treatment,,,,TRUE,,
7/6/2024,B,J,9,201,C,control,prawn,9,Z,zfix,9C9Z,light purple,fin!,filled with sample,,labelled,,,,,,FALSE,,
7/6/2024,B,J,9,202,L,low,prawn,9,Z,zfix,9L9Z,light purple,fin!,filled with sample,,labelled,,lost some material,,,,FALSE,,
7/6/2024,B,J,9,203,M,mid,prawn,9,Z,zfix,9M9Z,light purple,fin!,filled with sample,,labelled,,,,,,FALSE,,
7/6/2024,B,J,9,204,H,high,prawn,9,Z,zfix,9H9Z,light purple,fin!,filled with sample,,labelled,,,,,,FALSE,,
7/6/2024,B,J,9,209,C,control,gastrula,14,Z,zfix,9C14Z,aqua,fin!,filled with sample,,labelled,,,,,,FALSE,,
7/6/2024,B,J,9,210,L,low,gastrula,14,Z,zfix,9L14Z,aqua,fin!,filled with sample,,labelled,,,,,,FALSE,,
7/6/2024,B,J,9,211,M,mid,gastrula,14,Z,zfix,9M14Z,aqua,fin!,filled with sample,,labelled,,,,,,FALSE,,
7/6/2024,B,J,9,212,H,high,gastrula,14,Z,zfix,9H14Z,aqua,fin!,filled with sample,,labelled,,,,,,FALSE,,
7/6/2024,B,J,10,217,C,control,cleavage,4,Z,zfix,10C4Z,gold,fin!,filled with sample,,labelled,,added z-fix by colony rather than treatment,,,,TRUE,,
7/6/2024,B,J,10,218,L,low,cleavage,4,Z,zfix,10L4Z,gold,fin!,filled with sample,,labelled,,added z-fix by colony rather than treatment,,,,TRUE,,
7/6/2024,B,J,10,219,M,mid,cleavage,4,Z,zfix,10M4Z,gold,fin!,filled with sample,,labelled,,added z-fix by colony rather than treatment,,,,TRUE,,
7/6/2024,B,J,10,220,H,high,cleavage,4,Z,zfix,10H4Z,gold,fin!,filled with sample,,labelled,,added z-fix by colony rather than treatment,,,,TRUE,,
7/6/2024,B,J,10,225,C,control,prawn,9,Z,zfix,10C9Z,light purple,fin!,filled with sample,,labelled,,,,,,FALSE,,
7/6/2024,B,J,10,226,L,low,prawn,9,Z,zfix,10L9Z,light purple,fin!,filled with sample,,labelled,,,,,,FALSE,,
7/6/2024,B,J,10,227,M,mid,prawn,9,Z,zfix,10M9Z,light purple,fin!,filled with sample,,labelled,,,,,,FALSE,,
7/6/2024,B,J,10,228,H,high,prawn,9,Z,zfix,10H9Z,light purple,fin!,filled with sample,,labelled,,,,,,FALSE,,
7/6/2024,B,J,10,233,C,control,gastrula,14,Z,zfix,10C14Z,aqua,fin!,filled with sample,,labelled,,,,,,FALSE,,
7/6/2024,B,J,10,234,L,low,gastrula,14,Z,zfix,10L14Z,aqua,fin!,filled with sample,,labelled,,,,,,FALSE,permament slide squished embryos under coverslip,
7/6/2024,B,J,10,235,M,mid,gastrula,14,Z,zfix,10M14Z,aqua,fin!,filled with sample,,labelled,,,,,,FALSE,permament slide squished embryos under coverslip,
7/6/2024,B,J,10,236,H,high,gastrula,14,Z,zfix,10H14Z,aqua,fin!,filled with sample,,labelled,,,,,,FALSE,permament slide squished embryos under coverslip,
,,,,,,,,,,,,,,,,,,,FALSE,,,,,